<?xml version="1.0" encoding="UTF-8"?>
<GenRun Id="impl_1" LaunchPart="xc7a50tfgg484-1" LaunchTime="1547586040">
  <File Type="PWROPT-DCP" Name="PipeTest_pwropt.dcp"/>
  <File Type="ROUTE-PWR" Name="PipeTest_power_routed.rpt"/>
  <File Type="PA-TCL" Name="PipeTest.tcl"/>
  <File Type="ROUTE-PWR-SUM" Name="PipeTest_power_summary_routed.pb"/>
  <File Type="REPORTS-TCL" Name="PipeTest_reports.tcl"/>
  <File Type="BG-DRC" Name="PipeTest.drc"/>
  <File Type="OPT-METHODOLOGY-DRC" Name="PipeTest_methodology_drc_opted.rpt"/>
  <File Type="INIT-TIMING" Name="PipeTest_timing_summary_init.rpt"/>
  <File Type="OPT-HWDEF" Name="PipeTest.hwdef"/>
  <File Type="OPT-DCP" Name="PipeTest_opt.dcp"/>
  <File Type="OPT-DRC" Name="PipeTest_drc_opted.rpt"/>
  <File Type="OPT-TIMING" Name="PipeTest_timing_summary_opted.rpt"/>
  <File Type="PWROPT-DRC" Name="PipeTest_drc_pwropted.rpt"/>
  <File Type="PWROPT-TIMING" Name="PipeTest_timing_summary_pwropted.rpt"/>
  <File Type="PLACE-DCP" Name="PipeTest_placed.dcp"/>
  <File Type="PLACE-IO" Name="PipeTest_io_placed.rpt"/>
  <File Type="PLACE-CLK" Name="PipeTest_clock_utilization_placed.rpt"/>
  <File Type="PLACE-UTIL" Name="PipeTest_utilization_placed.rpt"/>
  <File Type="PLACE-UTIL-PB" Name="PipeTest_utilization_placed.pb"/>
  <File Type="PLACE-CTRL" Name="PipeTest_control_sets_placed.rpt"/>
  <File Type="PLACE-SIMILARITY" Name="PipeTest_incremental_reuse_placed.rpt"/>
  <File Type="PLACE-PRE-SIMILARITY" Name="PipeTest_incremental_reuse_pre_placed.rpt"/>
  <File Type="PLACE-TIMING" Name="PipeTest_timing_summary_placed.rpt"/>
  <File Type="POSTPLACE-PWROPT-DCP" Name="PipeTest_postplace_pwropt.dcp"/>
  <File Type="POSTPLACE-PWROPT-TIMING" Name="PipeTest_timing_summary_postplace_pwropted.rpt"/>
  <File Type="PHYSOPT-DCP" Name="PipeTest_physopt.dcp"/>
  <File Type="PHYSOPT-DRC" Name="PipeTest_drc_physopted.rpt"/>
  <File Type="BG-BIT" Name="PipeTest.bit"/>
  <File Type="PHYSOPT-TIMING" Name="PipeTest_timing_summary_physopted.rpt"/>
  <File Type="ROUTE-ERROR-DCP" Name="PipeTest_routed_error.dcp"/>
  <File Type="ROUTE-DCP" Name="PipeTest_routed.dcp"/>
  <File Type="ROUTE-BLACKBOX-DCP" Name="PipeTest_routed_bb.dcp"/>
  <File Type="ROUTE-DRC" Name="PipeTest_drc_routed.rpt"/>
  <File Type="ROUTE-DRC-PB" Name="PipeTest_drc_routed.pb"/>
  <File Type="BITSTR-MSK" Name="PipeTest.msk"/>
  <File Type="ROUTE-DRC-RPX" Name="PipeTest_drc_routed.rpx"/>
  <File Type="BG-BGN" Name="PipeTest.bgn"/>
  <File Type="ROUTE-METHODOLOGY-DRC" Name="PipeTest_methodology_drc_routed.rpt"/>
  <File Type="BITSTR-RBT" Name="PipeTest.rbt"/>
  <File Type="ROUTE-METHODOLOGY-DRC-RPX" Name="PipeTest_methodology_drc_routed.rpx"/>
  <File Type="BG-BIN" Name="PipeTest.bin"/>
  <File Type="ROUTE-METHODOLOGY-DRC-PB" Name="PipeTest_methodology_drc_routed.pb"/>
  <File Type="ROUTE-PWR-RPX" Name="PipeTest_power_routed.rpx"/>
  <File Type="ROUTE-STATUS" Name="PipeTest_route_status.rpt"/>
  <File Type="ROUTE-STATUS-PB" Name="PipeTest_route_status.pb"/>
  <File Type="ROUTE-TIMINGSUMMARY" Name="PipeTest_timing_summary_routed.rpt"/>
  <File Type="ROUTE-TIMING-PB" Name="PipeTest_timing_summary_routed.pb"/>
  <File Type="ROUTE-TIMING-RPX" Name="PipeTest_timing_summary_routed.rpx"/>
  <File Type="ROUTE-SIMILARITY" Name="PipeTest_incremental_reuse_routed.rpt"/>
  <File Type="RDI-RDI" Name="PipeTest.vdi"/>
  <File Type="ROUTE-CLK" Name="PipeTest_clock_utilization_routed.rpt"/>
  <File Type="POSTROUTE-PHYSOPT-DCP" Name="PipeTest_postroute_physopt.dcp"/>
  <File Type="POSTROUTE-PHYSOPT-BLACKBOX-DCP" Name="PipeTest_postroute_physopt_bb.dcp"/>
  <File Type="POSTROUTE-PHYSOPT-TIMING" Name="PipeTest_timing_summary_postroute_physopted.rpt"/>
  <File Type="POSTROUTE-PHYSOPT-TIMING-PB" Name="PipeTest_timing_summary_postroute_physopted.pb"/>
  <File Type="POSTROUTE-PHYSOPT-TIMING-RPX" Name="PipeTest_timing_summary_postroute_physopted.rpx"/>
  <File Type="BITSTR-NKY" Name="PipeTest.nky"/>
  <File Type="BITSTR-BMM" Name="PipeTest_bd.bmm"/>
  <File Type="BITSTR-MMI" Name="PipeTest.mmi"/>
  <File Type="BITSTR-LTX" Name="debug_nets.ltx"/>
  <File Type="BITSTR-LTX" Name="PipeTest.ltx"/>
  <File Type="BITSTR-SYSDEF" Name="PipeTest.sysdef"/>
  <File Type="WBT-USG" Name="usage_statistics_webtalk.html"/>
  <FileSet Name="sources" Type="DesignSrcs" RelSrcDir="$PSRCDIR/sources_1">
    <Filter Type="Srcs"/>
    <File Path="$PPRDIR/../../../../../Program Files/Opal Kelly/FrontPanelUSB/FrontPanelHDL/XEM7001-A15/okBTPipeIn.v">
      <FileInfo>
        <Attr Name="UsedIn" Val="synthesis"/>
        <Attr Name="UsedIn" Val="implementation"/>
        <Attr Name="UsedIn" Val="simulation"/>
      </FileInfo>
    </File>
    <File Path="$PPRDIR/../../../../../Program Files/Opal Kelly/FrontPanelUSB/FrontPanelHDL/XEM7001-A15/okBTPipeOut.v">
      <FileInfo>
        <Attr Name="UsedIn" Val="synthesis"/>
        <Attr Name="UsedIn" Val="implementation"/>
        <Attr Name="UsedIn" Val="simulation"/>
      </FileInfo>
    </File>
    <File Path="$PPRDIR/../../../../../Program Files/Opal Kelly/FrontPanelUSB/FrontPanelHDL/XEM7001-A15/okCoreHarness.v">
      <FileInfo>
        <Attr Name="UsedIn" Val="synthesis"/>
        <Attr Name="UsedIn" Val="implementation"/>
        <Attr Name="UsedIn" Val="simulation"/>
      </FileInfo>
    </File>
    <File Path="$PPRDIR/../../../../../Program Files/Opal Kelly/FrontPanelUSB/FrontPanelHDL/XEM7001-A15/okLibrary.v">
      <FileInfo>
        <Attr Name="UsedIn" Val="synthesis"/>
        <Attr Name="UsedIn" Val="implementation"/>
        <Attr Name="UsedIn" Val="simulation"/>
      </FileInfo>
    </File>
    <File Path="$PPRDIR/../../../../../Program Files/Opal Kelly/FrontPanelUSB/FrontPanelHDL/XEM7001-A15/okWireIn.v">
      <FileInfo>
        <Attr Name="UsedIn" Val="synthesis"/>
        <Attr Name="UsedIn" Val="implementation"/>
        <Attr Name="UsedIn" Val="simulation"/>
      </FileInfo>
    </File>
    <File Path="$PPRDIR/../../../../../Program Files/Opal Kelly/FrontPanelUSB/FrontPanelHDL/XEM7001-A15/okWireOut.v">
      <FileInfo>
        <Attr Name="UsedIn" Val="synthesis"/>
        <Attr Name="UsedIn" Val="implementation"/>
        <Attr Name="UsedIn" Val="simulation"/>
      </FileInfo>
    </File>
    <File Path="$PPRDIR/../../../../../Program Files/Opal Kelly/FrontPanelUSB/FrontPanelHDL/XEM7001-A15/okLibrary.vhd">
      <FileInfo>
        <Attr Name="UsedIn" Val="synthesis"/>
        <Attr Name="UsedIn" Val="simulation"/>
      </FileInfo>
    </File>
    <File Path="$PPRDIR/../pipe_in_check.vhd">
      <FileInfo>
        <Attr Name="UsedIn" Val="synthesis"/>
        <Attr Name="UsedIn" Val="simulation"/>
      </FileInfo>
    </File>
    <File Path="$PPRDIR/../pipe_out_check.vhd">
      <FileInfo>
        <Attr Name="UsedIn" Val="synthesis"/>
        <Attr Name="UsedIn" Val="simulation"/>
      </FileInfo>
    </File>
    <File Path="$PPRDIR/../PipeTest.vhd">
      <FileInfo>
        <Attr Name="UsedIn" Val="synthesis"/>
        <Attr Name="UsedIn" Val="simulation"/>
      </FileInfo>
    </File>
    <File Path="$PPRDIR/../../../../../Program Files/Opal Kelly/FrontPanelUSB/FrontPanelHDL/XEM7001-A15/okTriggerIn.v">
      <FileInfo>
        <Attr Name="AutoDisabled" Val="1"/>
        <Attr Name="UsedIn" Val="synthesis"/>
        <Attr Name="UsedIn" Val="implementation"/>
        <Attr Name="UsedIn" Val="simulation"/>
      </FileInfo>
    </File>
    <File Path="$PPRDIR/../../../../../Program Files/Opal Kelly/FrontPanelUSB/FrontPanelHDL/XEM7001-A15/okPipeIn.v">
      <FileInfo>
        <Attr Name="AutoDisabled" Val="1"/>
        <Attr Name="UsedIn" Val="synthesis"/>
        <Attr Name="UsedIn" Val="implementation"/>
        <Attr Name="UsedIn" Val="simulation"/>
      </FileInfo>
    </File>
    <File Path="$PPRDIR/../../../../../Program Files/Opal Kelly/FrontPanelUSB/FrontPanelHDL/XEM7001-A15/okTriggerOut.v">
      <FileInfo>
        <Attr Name="AutoDisabled" Val="1"/>
        <Attr Name="UsedIn" Val="synthesis"/>
        <Attr Name="UsedIn" Val="implementation"/>
        <Attr Name="UsedIn" Val="simulation"/>
      </FileInfo>
    </File>
    <File Path="$PPRDIR/../../../../../Program Files/Opal Kelly/FrontPanelUSB/FrontPanelHDL/XEM7001-A15/okPipeOut.v">
      <FileInfo>
        <Attr Name="AutoDisabled" Val="1"/>
        <Attr Name="UsedIn" Val="synthesis"/>
        <Attr Name="UsedIn" Val="implementation"/>
        <Attr Name="UsedIn" Val="simulation"/>
      </FileInfo>
    </File>
    <Config>
      <Option Name="DesignMode" Val="RTL"/>
      <Option Name="TopModule" Val="PipeTest"/>
      <Option Name="TopAutoSet" Val="TRUE"/>
    </Config>
  </FileSet>
  <FileSet Name="constrs_in" Type="Constrs" RelSrcDir="$PSRCDIR/constrs_1">
    <Filter Type="Constrs"/>
    <File Path="$PPRDIR/../../../../../Program Files/Opal Kelly/FrontPanelUSB/Samples/PipeTest/XEM7010-VHDL/xem7010.xdc">
      <FileInfo>
        <Attr Name="UsedIn" Val="synthesis"/>
        <Attr Name="UsedIn" Val="implementation"/>
      </FileInfo>
    </File>
    <Config>
      <Option Name="ConstrsType" Val="XDC"/>
    </Config>
  </FileSet>
  <Strategy Version="1" Minor="2">
    <StratHandle Name="Vivado Implementation Defaults" Flow="Vivado Implementation 2018"/>
    <Step Id="init_design"/>
    <Step Id="opt_design"/>
    <Step Id="power_opt_design"/>
    <Step Id="place_design"/>
    <Step Id="post_place_power_opt_design"/>
    <Step Id="phys_opt_design"/>
    <Step Id="route_design"/>
    <Step Id="post_route_phys_opt_design"/>
    <Step Id="write_bitstream"/>
  </Strategy>
</GenRun>
